"DESCRIPTION","DURATION IN MS","NAME","PARENT SUITE","START TIME","STATUS","STOP TIME","SUB SUITE","SUITE","TEST CLASS","TEST METHOD"
"","12401","should swipe up until ""You found me!!!"" is visible","TC-02: Swipe to reveal content","2026-09-27","passed","2026-09-27","","","",""
"","8285","should fill input, toggle switch, select dropdown, tap active button","TC-01: Forms interaction","2026-09-27","passed","2026-09-27","","","",""
"","12214","should successfully sign up with generated email and password","TC-05: Sign up with random credentials","2026-09-27","passed","2026-09-27","","","",""
"","35106","should complete all drag and drop pairs and show congratulations message","TC-04: Drag and Drop","2026-09-27","passed","2026-09-27","","","",""
"","8962","should fill input, toggle switch, select dropdown, tap active button","TC-01: Forms interaction","2026-09-27","passed","2026-09-27","","","",""
"","9571","should swipe carousel to next slide","TC-03: Carousel swipe","2026-09-27","passed","2026-09-27","","","",""
"","25916","should complete all drag and drop pairs and show congratulations message","TC-04: Drag and Drop","2026-09-27","passed","2026-09-27","","","",""
"","14761","should swipe up until ""You found me!!!"" is visible","TC-02: Swipe to reveal content","2026-09-27","passed","2026-09-27","","","",""
"","12294","should successfully sign up with generated email and password","TC-05: Sign up with random credentials","2026-09-27","passed","2026-09-27","","","",""
"","12304","should swipe carousel to next slide","TC-03: Carousel swipe","2026-09-27","passed","2026-09-27","","","",""
